brand,store_name,full_address,city,state,zip,latitude,longitude
Nomadica,Dada Market,"1606 Sunset Blvd, Los Angeles, CA 90026",Los Angeles,CA,90026,34.0767645,-118.2575675
Nomadica,Glassell General,"3383 Verdugo Rd, Los Angeles, CA 90065",Los Angeles,CA,90065,34.1134004,-118.2355173
Nomadica,Tommie Hollywood,"6516 Selma Ave, Los Angeles, CA 90028",Los Angeles,CA,90028,34.0994391,-118.3318892
Nomadica,Whitley,"1900 N Highland Ave Ste 6, Los Angeles, CA 90068",Los Angeles,CA,90068,34.1055930,-118.3369850
Nomadica,Kearns Market,"7300 Beverly Blvd, Los Angeles, CA 90036",Los Angeles,CA,90036,34.0760680,-118.3487830
Nomadica,Fresco Community Market,"5914 Monterey Rd, Los Angeles, CA 90042",Los Angeles,CA,90042,34.1046843,-118.1845639
Nomadica,Cork Runner Wine and Spirits,"5956 W Olympic Blvd, Los Angeles, CA 90036",Los Angeles,CA,90036,34.0576735,-118.3612782
Nomadica,Heavy Handed,"11838 Ventura Blvd, Studio City, CA 91604",Studio City,CA,91604,34.1422893,-118.3905430
Nomadica,Jackson Market,"4065 Jackson Ave, Culver City, CA 90232",Culver City,CA,90232,34.0172173,-118.3971584
Nomadica,SoFi Stadium,"1001 Stadium Dr, Inglewood, CA 90303",Inglewood,CA,90303,33.9484962,-118.3372867
Nomadica,Signature Wines & Spirits,"2717 Ocean Park Blvd, Santa Monica, CA 90405",Santa Monica,CA,90405,34.0177900,-118.4576957
Nomadica,Alans Market,"339 Washington Blvd, Marina Del Rey, CA 90292",Marina Del Rey,CA,90292,33.9811393,-118.4638162
Nomadica,Rustic Canyon,"1119 Wilshire Blvd, Santa Monica, CA 90025",Santa Monica,CA,90025,34.0250418,-118.4913256
Nomadica,Haques,"2225 4th St, Santa Monica, CA 90405",Santa Monica,CA,90405,34.0076133,-118.4849603
Nomadica,Heavy Handed,"2912 Main St, Santa Monica, CA 90291",Santa Monica,CA,90291,33.9991381,-118.4810129
Nomadica,Proper Hotel,"700 Wilshire Blvd, Santa Monica, CA 90025",Santa Monica,CA,90025,34.0213930,-118.4951018
Nomadica,Manhattan Beach Market,"1111 Manhattan Ave, Manhattan Beach, CA 90266",Manhattan Beach,CA,90266,33.8842201,-118.4107360
Jumbo Time,Domaine LA,"Domaine Street, Rosemead, Los Angeles County, California, 91770",Rosemead,CA,91770,34.0899102,-118.0756054
Jumbo Time,Psychic Wines,"Psychic Wines, 2825, Bellevue Avenue, Historic Filipinotown, Westlake",Los Angeles,CA,90026,34.0768976,-118.2754572
Jumbo Time,Dudley Market,"Dudley Market, 9, Dudley Avenue, Venice, Los Angeles",Los Angeles,CA,90291,33.9942337,-118.4796143
Jumbo Time,Broad Street Oyster,"Broad Street Oyster, Pacific Coast Highway, Malibu Beach, Malibu, Los Angeles County",Malibu,CA,90263,34.0355512,-118.6838838
Jumbo Time,Great White (Venice),"Great White, Windward Avenue, Venice, Los Angeles, Los Angeles County",Los Angeles,CA,90291,33.9877236,-118.4717820
Jumbo Time,Great White (Larchmont),"Prado's, 244, North Larchmont Boulevard, Windsor Square, Koreatown",Los Angeles,CA,90004,34.0757609,-118.3233949
Jumbo Time,Helen's Wine (Fairfax),"Helen's Wine Shop, North Fairfax Avenue, Fairfax, Los Angeles, Los Angeles County",Los Angeles,CA,90046,34.0786526,-118.3612803
Jumbo Time,Alma's,"South Alma Street, San Pedro, Los Angeles, Los Angeles County, California",Los Angeles,CA,90731,33.7242940,-118.2990375
Jumbo Time,Croft Alley,"Croft Alley, 9433, Brighton Way, Golden Triange, Beverly Hills",Beverly Hills,CA,90210,34.0702682,-118.4016713
Jumbo Time,Cafe Stella,"Cafe Stella, 3932, West Sunset Boulevard, Sunset Junction, Silver Lake",Los Angeles,CA,90029,34.0921527,-118.2804496
Jumbo Time,Fatty Mart,"Fatty Mart, 12210, Venice Boulevard, Mar Vista, Los Angeles",Los Angeles,CA,90066,34.0045434,-118.4314645
Jumbo Time,Kamp,"Kamp, 3333, West Sunset Boulevard, Silver Lake, Echo Park",Los Angeles,CA,90026,34.0874277,-118.2755787
Jumbo Time,Proudly Serving,"Proudly Serving, South Elena Avenue, Clifton, Redondo Beach, Los Angeles County",Redondo Beach,CA,90277,33.8193618,-118.3855600
Jumbo Time,Good Time Cafe,"Good Time, 1322, Coronado Avenue, Long Beach, Los Angeles County",Long Beach,CA,90804,33.7831817,-118.1533447
Jumbo Time,Crudo E Nudo,"Crudo e Nudo, Main Street, Ocean Park, Santa Monica, Los Angeles County",Santa Monica,CA,90291,34.0003541,-118.4821293
Jumbo Time,Thunderbolt,"Thunderbolt, 1255, West Temple Street, Angeleno Heights, Echo Park",Los Angeles,CA,90026,34.0665232,-118.2542208
Jumbo Time,Hatchet Hall,"Hatchet Hall, 12517, West Washington Boulevard, Culver City, Los Angeles County",Culver City,CA,90066,33.9970047,-118.4315691
Jumbo Time,Mission Wine & Spirits,"Mission Wine & Spirits (Woodland Hills), Platt Avenue, Woodland Hills-Warner Center Neighborhood Council District, Los Angeles, Los Angeles County",Los Angeles,CA,91304,34.1858787,-118.6432255
Jumbo Time,Art Du Vin,"Art Du Vin, East 4th Street, Long Beach, Los Angeles County, California",Long Beach,CA,90804,33.7718172,-118.1669422
Jumbo Time,Lady & Larder,"Lady & Larder, 828, Pico Boulevard, Santa Monica, Los Angeles County",Santa Monica,CA,90405,34.0126977,-118.4818904
Jumbo Time,Button Mash,"Button Mash, 1391, West Sunset Boulevard, Angeleno Heights, Echo Park",Los Angeles,CA,90026,34.0739777,-118.2515339
Jumbo Time,Malibu RV Park,"Hollywood RV Park Malibu Road, Hollywood RV Park, Lake Balboa Neighborhood Council District, Los Angeles, Los Angeles County",Los Angeles,CA,91406,34.2115149,-118.4985314
Jumbo Time,Heavy Handed,"Heavy Handed, 2912, Main Street, Ocean Park, Santa Monica",Santa Monica,CA,90291,33.9991381,-118.4810129
Jumbo Time,Pinyon,"Pinyon Avenue, Tujunga, Los Angeles, Los Angeles County, California",Los Angeles,CA,91042,34.2591836,-118.2849260
Jumbo Time,Marvin,"Marvin Braude Mulholland Gateway Park, Los Angeles, Los Angeles County, California, United States",Los Angeles,CA,,34.1370514,-118.5748582
Jumbo Time,Prime Pizza (Santa Monica),"Prime Pizza, 18th Court, Santa Monica, Los Angeles County, California",Santa Monica,CA,90405,34.0186917,-118.4713610
Jumbo Time,Prime Pizza (El Segundo),"Prime Pizza, South Sepulveda Boulevard, El Segundo, Los Angeles County, California",El Segundo,CA,90245,33.9149657,-118.3955397
Jumbo Time,Prime Pizza (Burbank),"Prime Pizza, 603, North Hollywood Way, Burbank, Los Angeles County",Burbank,CA,91505,34.1610789,-118.3441687
Jumbo Time,Prime Pizza (Little Tokyo),"Prime Pizza, 141, South Central Avenue, Little Tokyo, Downtown",Los Angeles,CA,90012,34.0481744,-118.2394855
Jumbo Time,Buzz Wine & Beer Shop,"Buzz Wine Beer Shop, West 5th Street, Gallery Row, Historic Core, Downtown",Los Angeles,CA,90014,34.0473884,-118.2494040
Jumbo Time,Lingua Franca,"Lingua Franca, 2990, Allesandro Street, Elysian Valley, Los Angeles",Los Angeles,CA,90039,34.1056322,-118.2440236
Jumbo Time,Sara's Market,"Sara's Market, 3455, City Terrace Drive, East Los Angeles, Los Angeles County",,CA,90053,34.0525649,-118.1888260
Jumbo Time,El Prado,"El Prado Park, Torrance, Los Angeles County, California, United States",Torrance,CA,,33.8333823,-118.3179685
Jumbo Time,Stanley's Wet Goods,"Stanley's Wet Goods, Venice Boulevard, Palms, Los Angeles, Los Angeles County",Los Angeles,CA,90232,34.0245237,-118.3962395
Jumbo Time,Little Coyote,"Little Coyote, North Los Coyotes Diagonal, Long Beach, Los Angeles County, California",Long Beach,CA,90808,33.8198532,-118.1080654
Jumbo Time,Highly Likely,"Highly Likely, 4310, West Jefferson Boulevard, West Adams, Los Angeles",Los Angeles,CA,90016,34.0253025,-118.3433422
Jumbo Time,Gjusta Grocer,"Gjusta Grocer, Park Row, Venice, Los Angeles, Los Angeles County",Los Angeles,CA,90291,33.9879679,-118.4721051
Jumbo Time,Pink Dot,"Pink Dot, 8495, West Sunset Boulevard, Sunset Strip, West Hollywood",West Hollywood,CA,90069,34.0946948,-118.3762629
Jumbo Time,Prince Street Pizza,"Prince Street Pizza, 49, East Colorado Boulevard, Pasadena Council District 6, Pasadena",Pasadena,CA,91105,34.1460550,-118.1493772
Djuce,Chateau Marmont,"Chateau Marmont, 8221, West Sunset Boulevard, Sunset Strip, Los Angeles",Los Angeles,CA,90046,34.0982497,-118.3684049
Djuce,Venice Beach Wines,"Venice Beach Wines, Rose Avenue, Venice, Los Angeles, Los Angeles County",Los Angeles,CA,90291,33.9986965,-118.4731874
Djuce,Broad Street Oyster Co,"Broad Street Oyster, Pacific Coast Highway, Malibu Beach, Malibu, Los Angeles County",Malibu,CA,90263,34.0355512,-118.6838838
Djuce,Gold Line Bar,"Gold Line, 5607, North Figueroa Street, Highland Park, Los Angeles",Los Angeles,CA,90042,34.1091965,-118.1939586
Djuce,Gjusta Grocer,"Gjusta Grocer, Park Row, Venice, Los Angeles, Los Angeles County",Los Angeles,CA,90291,33.9879679,-118.4721051
Djuce,Highland Park Wine,"Highland Park Wine, North Figueroa Street, Highland Park, Los Angeles, Los Angeles County",Los Angeles,CA,90042,34.1100895,-118.1913205
Djuce,Flask and Field,"767 S Alameda St #180, Los Angeles, CA 90021",Los Angeles,CA,90021,34.03455576,-118.24091937
Djuce,Sip Snack,"5003 York Blvd, Los Angeles, CA 90042",Los Angeles,CA,90042,34.1215208,-118.2066786
Djuce,Maison Fox,"532 W Commonwealth Ave Suite B, Fullerton, CA 92832",Fullerton,CA,92832,33.8700785,-117.9346265
Veranda,Handy Market,"Handy Market, 2514, West Magnolia Boulevard, Burbank, Los Angeles County",Burbank,CA,91505,34.1716194,-118.3352506
Veranda,Bar Keeper,"Bar Keeper, 614, North Hoover Street, Virgil Village, Los Angeles",Los Angeles,CA,90004,34.0820935,-118.2843339
Veranda,Vendome Wine and Spirits,"10600 Riverside Dr, Toluca Lake, CA 91602",Toluca Lake,CA,91602,34.1518975,-118.3619563
Veranda,Altadena Beverage and Market,"1850 Allen Ave, Pasadena, CA 91104",Pasadena,CA,91104,34.17785906,-118.11204851
Little Sun,Vin On Rose,"511 Rose Ave, Venice, CA 90291",Venice,CA,90291,33.9983118,-118.4737823
Little Sun,Flask & Field,"767 S Alameda St #180, Los Angeles, CA 90021",Los Angeles,CA,90021,34.0306645,-118.2389780
Little Sun,Kamp,"3333 Sunset Blvd, Los Angeles, CA 90026",Los Angeles,CA,90026,34.0868110,-118.2753847
Little Sun,Potluck Local,"4705 York Blvd, Los Angeles, CA 90042",Los Angeles,CA,90042,34.1229355,-118.2127814
Little Sun,Wine + Eggs,"3129 1/2 Glendale Blvd, Los Angeles, CA 90039",Los Angeles,CA,90039,34.1166789,-118.2625961
Little Sun,Agoura Wine & Beer Co,"28851 Agoura Rd, Agoura Hills, CA 91301",Agoura Hills,CA,91301,34.1431908,-118.7552911
Little Sun,Stanley's Wet Goods,"9620 Venice Blvd., Culver City, CA 90232",Culver City,CA,90232,34.0250029,-118.3964052
Anytime Spritz,Altadena Beverage,"1850 Allen Ave, Pasadena, CA 91104",Pasadena,CA,91104,34.17785906,-118.11204851
Anytime Spritz,Atla,"1025 Abbot Kinney Blvd, Venice, CA 90291",Venice,CA,90291,33.99215569,-118.47161941
Anytime Spritz,Bar & Garden,"6142 Washington Blvd, Culver City, CA 90232",Culver City,CA,90232,34.03085576,-118.37881940
Anytime Spritz,Bar Keeper,"614 N Hoover St, Los Angeles, CA 90004",Los Angeles,CA,90004,34.08205584,-118.28421938
Anytime Spritz,Bar Next Door,"9159 Sunset Blvd, West Hollywood, CA 90069",West Hollywood,CA,90069,34.09084298,-118.39159998
Anytime Spritz,Bar Sinizki,"3147 Glendale Blvd, Los Angeles, CA 90039",Los Angeles,CA,90039,34.11725590,-118.26221938
Anytime Spritz,Bob's Market,"1650 Ocean Park Blvd, Santa Monica, CA 90405",Santa Monica,CA,90405,34.01215573,-118.46719410
Anytime Spritz,Bottle Barn,"2642 Crenshaw Blvd, Los Angeles, CA 90016",Los Angeles,CA,90016,34.03228500,-118.33525100
Anytime Spritz,Capri Club,"4604 Eagle Rock Blvd, Los Angeles, CA 90041",Los Angeles,CA,90041,34.12755591,-118.21751937
Anytime Spritz,Checker Hall,"104 N Ave 56 2nd floor, Los Angeles, CA 90042",Los Angeles,CA,90042,34.10915588,-118.19451937
Anytime Spritz,De La Nonna,"710 E 4th Pl, Los Angeles, CA 90013",Los Angeles,CA,90013,34.04485578,-118.23751937
Anytime Spritz,Dog Ppl,"3440 Ocean Park Blvd, Santa Monica, CA 90405",Santa Monica,CA,90405,34.02091400,-118.45186500
Anytime Spritz,Domaine LA,"6801 Melrose Ave Los Angeles, CA 90038",,,,34.08375584,-118.34101939
Anytime Spritz,Eataly Retail LA,"10250 Santa Monica Blvd, Los Angeles, CA 90067",Los Angeles,CA,90067,34.05875580,-118.41901940
Anytime Spritz,Edendale Restaurant,"2838 Rowena Ave, Los Angeles, CA 90039",Los Angeles,CA,90039,34.10755882,-118.26581938
Anytime Spritz,Erewhon (Beverly Hills),"339 N Beverly Dr, Beverly Hills, CA 90210",Beverly Hills,CA,90210,34.06907400,-118.40158800
Anytime Spritz,Erewhon (Pacific Palisades),"15285 Sunset Blvd, Pacific Palisades, CA 90272",Pacific Palisades,CA,90272,34.04755783,-118.52511942
Anytime Spritz,Erewhon (Pasadena),"475 S Lake Ave, Pasadena, CA 91101",Pasadena,CA,91101,34.13755593,-118.13271935
Anytime Spritz,Erewhon (Silverlake),"4121 Santa Monica Blvd Suite 106, Los Angeles, CA 90029",Los Angeles,CA,90029,34.09210200,-118.28227500
Anytime Spritz,Esters Wine Shop & Bar,"1314 7th St, Santa Monica, CA 90401",Santa Monica,CA,90401,34.01945574,-118.49361941
Anytime Spritz,Farmshop,"225 26th St #25, Santa Monica, CA 90402",Santa Monica,CA,90402,34.04755578,-118.49041941
Anytime Spritz,Felix Traittoria,"1023 Abbot Kinney Blvd, Venice, CA 90291",Venice,CA,90291,33.99225569,-118.47181941
Anytime Spritz,Flask & Field,"767 S Alameda St #180, Los Angeles, CA 90021",Los Angeles,CA,90021,34.03455576,-118.24091937
Anytime Spritz,Flask Highland Park,"5900 N Figueroa St, Los Angeles, CA 90042",Los Angeles,CA,90042,34.11035589,-118.19071936
Anytime Spritz,Gold Line,"5607 N Figueroa St, Los Angeles, CA 90042",Los Angeles,CA,90042,34.10925588,-118.19401936
Anytime Spritz,Good Riddance (formerly Simon's Market Lincoln),"1709 Lincoln Blvd, Venice, CA 90291",Venice,CA,90291,33.99647598,-118.45798228
Anytime Spritz,K & L Hollywood,"1400 Vine St, Hollywood, CA 90028",Hollywood,CA,90028,34.09645586,-118.32631939
Anytime Spritz,K&L Wine Merchants - Culver City,"4235 Sepulveda Blvd, Culver City, CA 90230",Culver City,CA,90230,34.00495571,-118.41091940
Anytime Spritz,Kings Row Gastropub,"20 E Colorado Blvd Suite 102, Pasadena, CA 91105",Pasadena,CA,91105,34.14568783,-118.14969619
Anytime Spritz,Larchmont Village Wine and Cheese,"223 N Larchmont Blvd, Los Angeles, CA 90004",Los Angeles,CA,90004,34.07535583,-118.32391939
Anytime Spritz,Momed Atwater Village,"3245 Casitas Ave, Los Angeles, CA 90039",Los Angeles,CA,90039,34.11585590,-118.25119374
Anytime Spritz,Osteria Mozza,"6602 Melrose Ave, Los Angeles, CA 90038",Los Angeles,CA,90038,34.08330600,-118.33860100
Anytime Spritz,Paloma,"600 S Venice Blvd, Venice, CA 90291",Venice,CA,90291,33.98895569,-118.46181941
Anytime Spritz,Sage Vegan Bistro (Echo Park),"1700 Sunset Blvd, Los Angeles, CA 90026",Los Angeles,CA,90026,34.07715583,-118.25861938
Anytime Spritz,Sage Vegan Bistro (Pasadena),"41 Hugus Aly, Pasadena, CA 91103",Pasadena,CA,91103,34.14655595,-118.15119358
Anytime Spritz,Stanley's Wet Goods,"9620 Venice Blvd., Culver City, CA 90232",Culver City,CA,90232,34.02445575,-118.39621940
Anytime Spritz,"Sticky Rice, Echo Park","1801 Sunset Blvd, Los Angeles, CA 90026",Los Angeles,CA,90026,34.07785558,-118.25941194
Anytime Spritz,Surfrider Hotel Malibu,"23033 Pacific Coast Hwy, Malibu, CA 90265",Malibu,CA,90265,34.03715577,-118.67791944
Anytime Spritz,TalkTales Entertainment,"555 N Spring St Ste 107, Los Angeles, CA 90012",Los Angeles,CA,90012,34.05911400,-118.23848100
Anytime Spritz,The Black Cat,"3909 Sunset Blvd, Los Angeles, CA 90029",Los Angeles,CA,90029,34.09225586,-118.27961938
Anytime Spritz,The Canal Market,"600 Mildred Ave, Venice, CA 90291",Venice,CA,90291,33.98695568,-118.46471941
Anytime Spritz,The Edendale,"2838 Rowena Ave. Los Angeles, CA 90039",,,,34.10757100,-118.26561800
Anytime Spritz,The Grant,"3515 Eagle Rock Blvd, Los Angeles, CA 90065",Los Angeles,CA,90065,34.11634000,-118.23578000
Anytime Spritz,The Hotel June,"8639 Lincoln Blvd, Los Angeles, CA 90045",Los Angeles,CA,90045,33.95865564,-118.41871940
Anytime Spritz,The Wine Country,"2301 Redondo Ave, Signal Hill, CA 90755",Signal Hill,CA,90755,33.79875538,-118.15219358
Anytime Spritz,Vendome (Toluca Lake),"0600 Riverside Dr, North Hollywood, CA 91602",North Hollywood,CA,91602,34.15211433,-118.35327088
Anytime Spritz,Vicente Foods,"12027 San Vicente Blvd, Los Angeles, CA 90049",Los Angeles,CA,90049,34.05255579,-118.47371941
Ysidro,99 Ranch Market #1257,"400 S. Baldwin Ave, Arcadia, CA 91007",Arcadia,CA,91007,34.13536250,-118.05244144
Ysidro,99 Ranch Market #5,"651 N. Euclid St., Anaheim, CA 92801",Anaheim,CA,92801,33.84104018,-117.94341543
Ysidro,Alta Dena Beverage,"1850 Allen Avenue, Pasadena CA 91104",,,,34.17785600,-118.11191935
Ysidro,Blüm Wine and Flowers,"150 Pacific Coast Highway, El Segundo, CA 90245",El Segundo,CA,90245,33.91472700,-118.39546999
Ysidro,Boccato's Groceries,3127 Manhattan Ave Hermosa Beach CA 90254,,,,33.87556201,-118.40622598
Ysidro,Bottlecraft Long Beach,"Long Beach, CA 90808",Long Beach,CA,90808,33.82925799,-118.14501101
Ysidro,Brentwood Country Club,"590 S. Burlingame Ave, Los Angeles, 90049",Los Angeles,90049,,34.04625671,-118.48494261
Ysidro,Brentwood Fine Wines,"11740 San Vicente Boulevard, Los Angeles, CA 90049",Los Angeles,CA,90049,34.05300200,-118.46677300
Ysidro,Carla's Fresh Market,"248 N. Ave 50, Los Angeles, CA 90042",Los Angeles,CA,90042,34.10681299,-118.20356796
Ysidro,Clifftons,"648 S Broadway, Los Angeles, CA 90014",Los Angeles,CA,90014,34.04535578,-118.25281937
Ysidro,Corked Redondo Beach,"1520 Aviation Blvd., Redondo Beach, CA 90278",Redondo Beach,CA,90278,33.86875985,-118.38241367
Ysidro,Croft Alley Beverly Hills,"9433 Brighton Way, Beverly Hills, CA 90210",Beverly Hills,CA,90210,34.07025301,-118.40174602
Ysidro,Curated Wines,"353 North La Brea Ave, Los Angeles , CA 90036",Los Angeles ,CA,90036,34.07770280,-118.34424835
Ysidro,Farm Shop,"225 26th Street, Suite 25, Santa Monica CA 90402",,,,34.04755578,-118.49041941
Ysidro,Flask Fine Wine & Whisky,"12194 Ventura Blvd., Studio City, CA 91604",Studio City,CA,91604,34.14305398,-118.39837298
Ysidro,Follow Your Heart Market & Cafe,"21825 Sherman Way, Los Angeles, CA 93103",Los Angeles,CA,93103,34.20118743,-118.60380538
Ysidro,Friends and Family,"5150 Hollywood Blvd., Los Angeles, CA",Los Angeles,CA,,34.10161775,-118.30233648
Ysidro,Gjusta Grocer,"105 Windward Ave, Venice, CA 90291",Venice,CA,90291,33.98855686,-118.47211941
Ysidro,Hacienda Golf Club,"718 East Rd., La Habra Heights, CA 90631",La Habra Heights,CA,90631,33.95850162,-117.95394226
Ysidro,Haley's Wines,"5124 Lankershim Blvd, North Hollywood, CA 91601",North Hollywood,CA,91601,34.16366802,-118.37357897
Ysidro,Hartland's,"1900 East Ocean Blvd, Long Beach, CA 90803",Long Beach,CA,90803,33.76418199,-118.16962799
Ysidro,Hidden Garden Thai Cuisine,"1441 West Knox Street, Torrance, CA 90501",Torrance,CA,90501,33.85438438,-118.29992870
Ysidro,Hilton Buena Park,"6979 Brenner Ave, Buena Park, CA 90621",Buena Park,CA,90621,33.85962621,-117.99562571
Ysidro,Hollywood Bowl,"2301 Highland Ave, Los Angeles, CA 90068",Los Angeles,CA,90068,34.11126159,-118.33644873
Ysidro,Howdy's,"23401 Civic Center Way Suite 3A, Malibu, CA 90265",,,,34.03800502,-118.68614400
Ysidro,Ichijiku Sushi,"5629 1/2 N. Figueroa St., Los Angeles, CA 90042",Los Angeles,CA,90042,34.10960101,-118.19338297
Ysidro,Joan’s on Third,"8350 West Third Street, Los Angeles, CA 90048",Los Angeles,CA,90048,34.07265582,-118.37181939
Ysidro,Joy,"5100 York Blvd, Los Angeles, CA 90042",Los Angeles,CA,90042,34.12084802,-118.20466703
Ysidro,Liv's,"5327 2nd St., Long Beach, CA 90803",Long Beach,CA,90803,33.75920544,-118.13181538
Ysidro,Loreto,"1991 Blake Ave, Los Angeles, California 90039",Los Angeles,California,90039,34.10109171,-118.24404478
Ysidro,Malibu Farm,"23000 E Pacific Coast Hwy, Malibu, CA 90265",Malibu,CA,90265,34.03753300,-118.67590500
Ysidro,Manhattan Beach Wine Co.,"3500 N. Sepulveda Ste 140, Manhattan Beach, CA 90266",Manhattan Beach,CA,90266,33.89996153,-118.39577090
Ysidro,Manhattan Fine Wines,"1157 Artesia Blvd #A, Manhattan Beach, CA 90266",Manhattan Beach,CA,90266,33.87337899,-118.39421698
Ysidro,McCall's Meat & Fish Co.,"1426 Montana Ave., Santa Monica, CA",Santa Monica,CA,,34.03258247,-118.49431232
Ysidro,Mission Wines South Pasadena,"1114 Mission St., Pasadena, CA 91030",Pasadena,CA,91030,34.11602302,-118.15430797
Ysidro,Open Market,"3339 Wilshire Boulevard, Los Angeles, CA 90010",Los Angeles,CA,90010,34.06187110,-118.29549605
Ysidro,PI^L.A.,"124 4th St, Los Angeles, CA 90013",,,,34.04853000,-118.24823197
Ysidro,Rainbow Acres Natural Foods,"13208 Washington Blvd., Los Angeles, CA 90066",Los Angeles,CA,90066,33.99320052,-118.44159108
Ysidro,Santa Monica Proper Hotel,"700 Wilshire Blvd, Santa Monica, CA 90401",Santa Monica,CA,90401,34.02135574,-118.49501941
Ysidro,Sauced,"929 S. Broadway, Los Angeles, CA 90015",Los Angeles,CA,90015,34.04187800,-118.25700698
Ysidro,Silverlake Wine,"2395 Glendale Boulevard, Los Angeles, CA",Los Angeles,CA,,34.09998601,-118.25956900
Ysidro,Slay Hermosa,"2620 Hermosa Ave, Hermosa Beach, CA 90254",,,,33.87240401,-118.40504103
Ysidro,SLAY Italian Kitchen,"1001 Manhattan Ave, Manhattan Beach, CA 90266",,,,33.88355399,-118.41034602
Ysidro,SLAY Steak + Fish House,"1141 Manhattan Ave, Manhattan Beach, CA 90266",,,,33.88515502,-118.41122503
Ysidro,Sogo Roll Bar,"4634 Hollywood Blvd., Los Angeles, CA 90027",Los Angeles,CA,90027,34.09995587,-118.29031938
Ysidro,Sushi Roku Manhattan Beach,"3110 N Sepulveda Blvd., Manhattan Beach, CA 90266",Manhattan Beach,CA,90266,33.89850500,-118.39560896
Ysidro,The Butcher's Daughter,"8755 Melrose Ave, West Hollywood, CA 90069",,,,34.08107098,-118.38491097
Ysidro,The Canal Market,"600 Mildred Ave, Venice, CA 90291",Venice,CA,90291,33.98695801,-118.46464198
Ysidro,The Famous Bar,"154 South Brand Blvd., Glendale, CA 91204",Glendale,CA,91204,34.14549999,-118.25470003
Ysidro,The Heights Deli & Bottle Shop,"2927 North Broadway, Los Angeles, CA 90031",Los Angeles,CA,90031,34.07387579,-118.21068758
Ysidro,The Jolly Oster,9355 Culver Blvd Culver City California,,,,34.02505575,-118.39401940
Ysidro,The Merchant,"Long Beach, CA 90807",Long Beach,CA,90807,33.83298199,-118.18960902
Ysidro,The Wine Country,"2301 Redondo Ave, Signal Hill, CA 90755",Signal Hill,CA,90755,33.79875538,-118.15219358
Ysidro,Thyme Market & Cafe,"1630 Ocean Park Blvd, Santa Monica, CA 90405",Santa Monica,CA,90405,34.01185572,-118.46761941
Ysidro,Vintage LBC,"4236 Atlantic Ave, Long Beach , CA 90807",Long Beach ,CA,90807,33.83341399,-118.18471701
Ysidro,Wilshire Country Club,"301 North Rossmore Ave., Los Angeles , CA 90004",Los Angeles ,CA,90004,34.07702035,-118.32774145
Ysidro,Wine + Eggs,"3129 1/2 Glendale Blvd, Los Angeles, CA 90039",Los Angeles,CA,90039,34.11675590,-118.26219376
Ysidro,Zinque,"1440 Lincoln Blvd, Venice, CA 90291",Venice,CA,90291,33.99785570,-118.45991941
Yes Way Rosé,JASONS WINE &amp; SPIRITS,"828 S MAIN ST, LOS ANGELES, CA 90014",LOS ANGELES,CA,90014,34.041610,-118.254740
Yes Way Rosé,CALIFORNIA MARKET,"450 S WESTERN AVE, LOS ANGELES, CA 90020",LOS ANGELES,CA,90020,34.066040,-118.308550
Yes Way Rosé,JOES DOWNTOWN MARKET,"1855 INDUSTRIAL ST STE 102, LOS ANGELES, CA 90021",LOS ANGELES,CA,90021,34.035780,-118.232680
Yes Way Rosé,OLIGARC,"6095 SUNSET AVE, LOS ANGELES, CA 90028",LOS ANGELES,CA,90028,34.098090,-118.321360
Yes Way Rosé,HAPPYS MARKET AND SPIRITS,"807 NORTH AVE 50 STE 11, LOS ANGELES, CA 90042",LOS ANGELES,CA,90042,34.114630,-118.207670
Yes Way Rosé,RAMIREZ BEVERAGE MARKET,"2765 E OLYMPIC BLVD, LOS ANGELES, CA 90023",LOS ANGELES,CA,90023,34.023920,-118.218820
Yes Way Rosé,BIG SQUARE,"831 N PACIFIC AVE, GLENDALE, CA 91203",GLENDALE,CA,91203,34.158520,-118.264790
Yes Way Rosé,LE CHATEAU WINE &amp; SPIRITS,"6252 WILSHIRE BLVD, LOS ANGELES, CA 90048",LOS ANGELES,CA,90048,34.063320,-118.365130
Yes Way Rosé,7 ELEVEN,"1100 N LA CIENEGA BLVD, WEST HOLLYWOOD, CA 90069",WEST HOLLYWOOD,CA,90069,34.092150,-118.376240
Yes Way Rosé,WEHO WINE &amp; SPIRITS,"8513 SANTA MONICA BLVD, WEST HOLLYWOOD, CA 90069",WEST HOLLYWOOD,CA,90069,34.089420,-118.376710
Talking To,Botanica,"1620 Silver Lake Blvd, Los Angeles, CA 90026",Los Angeles,CA,90026,34.0884930,-118.2689001
Talking To,Sqirl,"720 N Virgil Ave, Los Angeles, CA 90029",Los Angeles,CA,90029,34.0845162,-118.2866953
Talking To,Fountain Liquor,"5203 Fountain Ave, Los Angeles, CA 90029",Los Angeles,CA,90029,34.0951755,-118.3040318
Talking To,Lou Wine Bar,"1648 Hillhurst Ave, Los Angeles, CA 90027",Los Angeles,CA,90027,34.1011367,-118.2873014
Talking To,Alcove (Celine),"1929 Hillhurst Ave, Los Angeles, CA 90027",Los Angeles,CA,90027,34.1062341,-118.2877096
Talking To,Ally @ Cheech's Pizza,"2116 Hillhurst Ave, Los Angeles, CA 90027",Los Angeles,CA,90027,34.1105433,-118.2871246
Talking To,Little Dom's (Zoe + Laura),"2128 Hillhurst Ave, Los Angeles, CA 90027",Los Angeles,CA,90027,34.1108665,-118.2872699
Talking To,The Oaks Gourmet Market (Bob),"1915 N Bronson Ave, Los Angeles, CA 90068",Los Angeles,CA,90068,34.1056493,-118.3180963
Talking To,Dopolavoro (David),"7605 Beverly Blvd, Los Angeles, CA 90036",Los Angeles,CA,90036,34.0761661,-118.3553299
Talking To,Joan's on Third (Marissa / Ally),"8350 W 3rd St, Los Angeles, CA 90048",Los Angeles,CA,90048,34.0729360,-118.3717118
Talking To,Palihouse (Wolfgang),"8465 Holloway Dr, West Hollywood, CA 90069",West Hollywood,CA,90069,34.0909642,-118.3754791
Talking To,Terners Liquors,"8401 W 3rd St, Los Angeles, CA 90048",Los Angeles,CA,90048,34.0731090,-118.3732750
Talking To,Zinqué West Hollywood (Niger),"8684 Melrose Ave, West Hollywood, CA 90069",West Hollywood,CA,90069,34.0812917,-118.3826524
Talking To,The Butcher's Daughter (Jake),"1205 Abbot Kinney Blvd, Venice, CA 90291",Venice,CA,90291,33.9916038,-118.4692080
Talking To,San Vicente Bungalows (Paulina),"845 N San Vicente Blvd, West Hollywood, CA 90069",West Hollywood,CA,90069,34.0858963,-118.3850183
Talking To,Croft Alley (Madison),"8428 Melrose Pl, Los Angeles, CA 90069",Los Angeles,CA,90069,34.0835370,-118.3743630
Talking To,Wally's (Phillip),"447 N Canon Dr, Beverly Hills, CA 90210",Beverly Hills,CA,90210,34.0714005,-118.4017989
Maison Maxine,Farmshop (Brentwood Country Mart),"225 26th St, Santa Monica, CA 90402",Santa Monica,CA,90402,34.0479314,-118.4912473
Maison Maxine,Dia Wine Shop,"12113 Ventura Blvd, Studio City, CA 91604",Studio City,CA,91604,34.1436028,-118.3957601
Maison Maxine,Jayde's Market,"2964 Beverly Glen Cir, Los Angeles, CA 90077",Los Angeles,CA,90077,34.1281158,-118.4438989
Maison Maxine,Canal Market,"Venice Canals, Venice, CA 90291",Venice,CA,90291,33.9869093,-118.4735870
Maison Maxine,Monsieur Marcel,"189 The Grove Dr, Los Angeles, CA 90036",Los Angeles,CA,90036,34.0730818,-118.3584146
Maison Maxine,Happier Grocery,"365 Canal St, New York, NY 10013",New York,NY,10013,40.7212100,-74.0040147
Goldilocks,67 Wine & Spirits,"179 Columbus Ave, New York, NY 10023",New York,NY,10023,40.77468112,-73.98056352
Goldilocks,Adega Wine & Spirits,"31-25 Ditmars Blvd, Astoria, NY 11105",Astoria,NY,11105,40.77560958,-73.90971649
Goldilocks,Battery Park Bottles,"309 S End Ave, New York, NY 10280",New York,NY,10280,40.71046669,-74.01641871
Goldilocks,Bed-Vyne Wine & Spirits,"385 Tompkins Ave, Brooklyn, NY 11216",Brooklyn,NY,11216,40.68441381,-73.94398498
Goldilocks,Bee Liquors,"225 Avenue B, New York, NY 10009",New York,NY,10009,40.72903328,-73.97804945
Goldilocks,Blue Slip Wine and Liquors,"1122 Manhattan Ave, Brooklyn, NY 11222",Brooklyn,NY,11222,40.73686503,-73.95507591
Goldilocks,Bottlerocket Wine & Spirit,"5 W 19th St, New York, NY 10011",New York,NY,10011,40.73944804,-73.99195277
Goldilocks,Broadway Cellar,"2746 Broadway, New York, NY 10025",New York,NY,10025,40.80067386,-73.96767459
Goldilocks,Bryant Park Wines,"108 W 42nd St, New York, NY 10036",New York,NY,10036,40.75471798,-73.98473897
Goldilocks,Central Cellars,"89 E 42nd St, New York, NY 10017",New York,NY,10017,40.75272770,-73.97723530
Goldilocks,Central Wine & Liquor Store,"227 Columbus Ave, New York, NY 10023",New York,NY,10023,40.77627674,-73.97925729
Goldilocks,Crossroads Wine & Spirits,"52 W 14th St, New York, NY 10011",New York,NY,10011,40.73688624,-73.99611229
Goldilocks,Duke's Liquor Box,"114 Franklin St, Brooklyn, NY 11222",Brooklyn,NY,11222,40.72865882,-73.95721296
Goldilocks,East River Wines & Spirits,"302 Pleasant Ave, New York, NY 10035",New York,NY,10035,40.79510929,-73.93279640
Goldilocks,Fat Cat Wines,"538 Court St, Brooklyn, NY 11231",Brooklyn,NY,11231,40.67550544,-73.99944024
Goldilocks,Financial District Wine & Liquor,"120 Nassau St, New York, NY 10038",New York,NY,10038,40.71081613,-74.00682168
Goldilocks,Grand Cru Wine & Spirits,"570 11th Ave, New York, NY 10036",New York,NY,10036,40.76126501,-73.99774701
Goldilocks,Grape Point,"155 Norman Ave, Brooklyn, NY 11222",Brooklyn,NY,11222,40.72673278,-73.94834089
Goldilocks,Happy Liquors,"40-40 College Point Blvd, Flushing, NY 11354",Flushing,NY,11354,40.75689678,-73.83410787
Goldilocks,J & F Liquors,"83-16 Broadway, Elmhurst, NY 11373",Elmhurst,NY,11373,40.74060789,-73.87961104
Goldilocks,J. Braun Liquors,"1361 Lexington Ave, New York, NY 10128",New York,NY,10128,40.78217936,-73.95343985
Goldilocks,Kew Gardens Wine & Liquors,"80-45 Kew Gardens Rd, Kew Gardens, NY 11415",Kew Gardens,NY,11415,40.71347596,-73.82983260
Goldilocks,Liquor Up & Wine Down,"383 1st Ave, New York, NY 10010",New York,NY,10010,40.73662271,-73.97929886
Goldilocks,Little Mo Wine & Spirits,"1125 Nostrand Ave, Brooklyn, NY 11225",Brooklyn,NY,11225,40.66029476,-73.95033100
Goldilocks,Mitchell’s Wine & Liquor Store,"200 W 86th St, New York, NY 10024",New York,NY,10024,40.78764608,-73.97532123
Goldilocks,Morgan Liquors,"547 Morgan Ave, Brooklyn, NY 11222",Brooklyn,NY,11222,40.72362955,-73.93962664
Goldilocks,Noho Wine & Spirits,"639 Broadway, New York, NY 10012",New York,NY,10012,40.72641829,-73.99614028
Goldilocks,North Village Wine & Liquor,"242 W 14th St, New York, NY 10011",New York,NY,10011,40.73928967,-74.00178767
Goldilocks,Penn Cellars,"LIRR Level, 1 Pennsylvania Plaza Space 117, New York, NY 10119",New York,NY,10119,40.75018253,-73.99273441
Goldilocks,Pompette Wine Shop,"420 Lenox Ave, New York, NY",New York,NY,,40.81150140,-73.94228421
Goldilocks,Prospect Wine Shop,"322 7th Ave, Brooklyn, NY 11215",Brooklyn,NY,11215,40.66728799,-73.98143985
Goldilocks,Roma Wine & Liquors,"726 Amsterdam Ave, New York, NY 10025",New York,NY,10025,40.79377648,-73.97095602
Goldilocks,Save Rite Wine & Liquors,"907 Manhattan Ave, Brooklyn, NY 11222",Brooklyn,NY,11222,40.73042886,-73.95455020
Goldilocks,Simple Syrup Wine and Spirits,"810 Nostrand Ave, Brooklyn, NY 11216",Brooklyn,NY,11216,40.67103130,-73.95053703
Goldilocks,Some Good Wine,"13 E Eighth St, New York, NY 10003",New York,NY,10003,40.73193941,-73.99532556
Goldilocks,South Cairo Liquor Store,"24 Ross Ruland Rd, South Cairo, NY 12482",South Cairo,NY,12482,42.27607499,-73.95777246
Goldilocks,Stella's Juice Box,"983 Manhattan Ave, New York, NY",New York,NY,,40.73270572,-73.95482882
Goldilocks,Thompson Wine & Spirits,"222 Thompson St, New York, NY 10012",New York,NY,10012,40.72909384,-73.99885032
Goldilocks,Union Square Wines & Spirits,"140 4th Ave, New York, NY",New York,NY,,40.73384902,-73.99001546
Goldilocks,Upstairs Wine and Spirits (Port Authority),"625 Eigth Ave FL 2, New York, NY 10018",New York,NY,10018,40.75693950,-73.99051450
Goldilocks,Urban Wines & Spirits,"45 First Ave, New York, NY 10003",New York,NY,10003,40.72450424,-73.98779400
Goldilocks,UVA Wines & Spirits,"237 Bedford Ave, Brooklyn, NY 11211",Brooklyn,NY,11211,40.71594860,-73.95947100
Goldilocks,Village Vintner,"448 Sixth Ave, New York, NY 10011",New York,NY,10011,40.73505213,-73.99844441
Goldilocks,Village Wine & Spirit Shop,"486 6th Ave, New York, NY 10011",New York,NY,10011,40.73608262,-73.99754476
Goldilocks,Wall Street Wine Merchants,"79 Pine Street, New York, NY 10005",New York,NY,10005,40.70582982,-74.00718763
Goldilocks,West Street Wine & Spirits,"56 West St, New York, NY 10006",New York,NY,10006,40.70832260,-74.01510090
Goldilocks,Wild Restaurant,"535 Hudson St, New York, NY 10014",New York,NY,10014,40.73462518,-74.00639571
Goldilocks,Wine Heaven,"333 Third Ave, New York, NY 10010",New York,NY,10010,40.73977879,-73.98207185
Goldilocks,Wine Spring,"80 Varick St, New York, NY 10013",New York,NY,10013,40.72343039,-74.00597192
Yoshi,Sweet Jane,"64 E Main St, Bay Shore, NY 11706",Bay Shore,NY,11706,40.7224555,-73.2462883
Yoshi,Cebu Bistro,"8801 3rd Ave, Brooklyn, NY 11209",Brooklyn,NY,11209,40.6218955,-74.0314249
Yoshi,Graham Wine Co.,"303 Graham Ave, Brooklyn, NY 11211",Brooklyn,NY,11211,40.7131936,-73.9444011
Yoshi,Medusa Bar BK,"618 Grand St, Brooklyn, NY 11211",Brooklyn,NY,11211,40.7111299,-73.9474393
Yoshi,Leiser's Wine & Liquors,"41-30 162nd St, Flushing, NY 11358",Flushing,NY,11358,40.7605616,-73.8041715
Yoshi,Cork & Jug,"252-10 W Montauk Hwy, Hampton Bays, NY 11946",Hampton Bays,NY,11946,40.8673945,-72.5492806
Yoshi,Remedy Liquor,"138-44 101st Ave, Jamaica, NY 11435",Jamaica,NY,11435,40.6945502,-73.8092338
Yoshi,Red Sorghum,"28-03 Jackson Ave, Long Island City, NY 11101",Long Island City,NY,11101,40.7486051,-73.9391257
Yoshi,Wine Market of New Hyde Park,"2337 New Hyde Park Rd, New Hyde Park, NY 11042",New Hyde Park,NY,11042,40.7581164,-73.6893287
Yoshi,Wine & Spirits Discount Warehouse,"18 Joyce Rd, New Rochelle, NY 10801",New Rochelle,NY,10801,40.9168906,-73.7786015
Yoshi,Wine Bazaar,"2425 Palmer Ave, New Rochelle, NY 10801",New Rochelle,NY,10801,40.9220284,-73.7731585
Yoshi,1936 Wine & Spirits,"65 E 34th St, New York, NY 10016",New York,NY,10016,40.7474118,-73.9816332
Yoshi,Bandit's Burger + Dive,"44 Bedford St, New York, NY 10014",New York,NY,10014,40.730423,-74.0041104
Yoshi,Bar Snack,"92 2nd Ave, New York, NY 10003",New York,NY,10003,40.7269233,-73.9885382
Yoshi,Barcelona Bar,"923 8th Ave, New York, NY 10019",New York,NY,10019,40.7653463,-73.984192
Yoshi,Beauty & Essex,"146 Essex St, New York, NY 10002",New York,NY,10002,40.7204209,-73.9868826
Yoshi,Bleecker Street Bar,"648 Broadway, New York, NY 10012",New York,NY,10012,40.7265693,-73.9953363
Yoshi,Bottlerocket Wine & Spirits,"5 W 19th St, New York, NY 10011",New York,NY,10011,40.7394677,-73.9919073
Yoshi,Broadway Spirits,"299 Broadway, New York, NY 10007",New York,NY,10007,40.7152179,-74.005398
Yoshi,Community Wine & Spirits,"140 10th Ave, New York, NY 10011",New York,NY,10011,40.7449243,-74.0059104
Yoshi,Cordial,"3448 Broadway, New York, NY 10031",New York,NY,10031,40.8234276,-73.9522907
Yoshi,Corner Bar,"9 Orchard St, New York, NY 10002",New York,NY,10002,40.7148168,-73.9920934
Yoshi,Do Not Feed Alligators,"337 Bleecker St, New York, NY 10014",New York,NY,10014,40.7336939,-74.0042366
Yoshi,El Quijote,"226 W 23rd St, New York, NY 10011",New York,NY,10011,40.7444232,-73.9971256
Yoshi,Emmett's On Grove,"39 Grove St, New York, NY 10014",New York,NY,10014,40.732921,-74.0045142
Yoshi,Fairfax Tavern and Bar,"234 W 4th St, New York, NY 10014",New York,NY,10014,40.734335,-74.0032167
Yoshi,Flame,"100 W 82 St #5502, New York, NY 10024",New York,NY,10024,40.78399,-73.974528
Yoshi,HALL,"17 W 20th St, New York, NY 10011",New York,NY,10011,40.7403982,-73.9921624
Yoshi,HiLot,"102 Loisaida Ave, New York, NY 10009",New York,NY,10009,40.7238208,-73.9788238
Yoshi,International Wine & Spirits,"2903 Broadway, New York, NY 10025",New York,NY,10025,40.8063687,-73.9654078
Yoshi,J. Braun Wines & Liquors,"1361 Lexington Ave, New York, NY 10128",New York,NY,10128,40.7822019,-73.9534096
Yoshi,Jade & Clover,"139 Chrystie St, New York, NY 10002",New York,NY,10002,40.7197478,-73.9933695
Yoshi,Joyface,"104 Loisaida Ave, New York, NY 10009",New York,NY,10009,40.7238598,-73.9787519
Yoshi,Lazy Point,"310 Spring St, New York, NY 10013",New York,NY,10013,40.7257581,-74.0086105
Yoshi,Le Bistroquet,"50 W 22nd St, New York, NY 10010",New York,NY,10010,40.741656,-73.9926762
Yoshi,Lucky Tiger,"66 Pearl St, New York, NY 10004",New York,NY,10004,40.7035113,-74.0107685
Yoshi,Magic Hour,"485 7th Ave 18th floor, New York, NY 10018",New York,NY,10018,40.7524772,-73.9893144
Yoshi,Martiny's,"121 E 17th St, New York, NY 10003",New York,NY,10003,40.7361286,-73.9876467
Yoshi,Metro Private Cinema,"131 8th Ave, New York, NY 10011",New York,NY,10011,40.7414267,-74.001693
Yoshi,Morton Williams,"278 Park Ave S, New York, NY 10010",New York,NY,10010,40.7395273,-73.9871058
Yoshi,Moxy Times Square,"485 7th Ave, New York, NY 10018",New York,NY,10018,40.7523102,-73.9891202
Yoshi,Noda,"37 W 20th St, New York, NY 10011",New York,NY,10011,40.7407938,-73.9933119
Yoshi,Old Mates Pub,"170 John St, New York, NY 10038",New York,NY,10038,40.7059488,-74.0042559
Yoshi,One World Observatory,"117 West St, New York, NY 10007",New York,NY,10007,40.7131216,-74.0133631
Yoshi,Pattin',"240 W 49th St, New York, NY 10019",New York,NY,10019,40.761277,-73.9858829
Yoshi,People's,"113 W 13th St, New York, NY 10011",New York,NY,10011,40.7371282,-73.9979058
Yoshi,Restaurant Associates,"132 W 31st St #601, New York, NY 10001",New York,NY,10001,40.748305,-73.990648
Yoshi,Rocco's Sports & Rec,"1 W 3rd St, New York, NY 10012",New York,NY,10012,40.7280045,-73.9950017
Yoshi,Sake No Hana,"145 Bowery, New York, NY 10002",New York,NY,10002,40.7189569,-73.9944117
Yoshi,Shinji's,"37 W 20th St, New York, NY 10011",New York,NY,10011,40.7407938,-73.9933119
Yoshi,Sip & Guzzle,"29 Cornelia St, New York, NY 10014",New York,NY,10014,40.7314889,-74.0024985
Yoshi,Sunny's Wine & Spirits,"161 3rd Ave, New York, NY 10003",New York,NY,10003,40.7343682,-73.9861639
Yoshi,Tao Downtown,"92 9th Ave, New York, NY 10011",New York,NY,10011,40.7425376,-74.0038464
Yoshi,Tao Uptown,"42 E 58th St, New York, NY 10022",New York,NY,10022,40.7626119,-73.9714871
Yoshi,The Garret,"296 Bleecker St, New York, NY 10014",New York,NY,10014,40.7323381,-74.0038162
Yoshi,The Spaniard,"190 W 4th St, New York, NY 10014",New York,NY,10014,40.7326969,-74.0022796
Yoshi,The Times Square Edition,"701 7th Ave, New York, NY 10036",New York,NY,10036,40.759231,-73.9840959
Yoshi,The Wooly,"390 Broome St, New York, NY 10013",New York,NY,10013,40.7207133,-73.9969563
Yoshi,Union Square Wine & Spirits,"One Union Square South, 140 4th Ave, New York, NY 10003",New York,NY,10003,40.7337713,-73.9900652
Yoshi,Urban Wines and Spirits,"45 1st Ave space 1-D, New York, NY 10003",New York,NY,10003,40.7244861,-73.9879202
Yoshi,Village Vintner,"448 6th Ave, New York, NY 10011",New York,NY,10011,40.734953,-73.9982733
Yoshi,Yakitori Taisho,"9 St Marks Pl, New York, NY 10003",New York,NY,10003,40.7295353,-73.989019
Yoshi,Yawning Cobra,"356 Bowery, New York, NY 10012",New York,NY,10012,40.7269217,-73.9919442
Yoshi,Yawning Cobra Midtown,"130 E 57th St, New York, NY 10022",New York,NY,10022,40.7609778,-73.9696088
Yoshi,Pavilion Wine & Spirits,"361 S Oyster Bay Rd, Plainview, NY 11803",Plainview,NY,11803,40.7859577,-73.5018228
Yoshi,Serena Bistro and Lounge,"96 Page Ave, Staten Island, NY 10309",Staten Island,NY,10309,40.5219597,-74.23557
Yoshi,Westchester Wine Warehouse,"53 Tarrytown Rd, White Plains, NY 10607",White Plains,NY,10607,41.0391884,-73.7837296
Golden Rule,Erewhon Beverly Hills,"339 N Beverly Dr, Beverly Hills, CA 90210",Beverly Hills,CA,90210,34.069069,-118.401575
Golden Rule,Whole Foods Market,"3301 E Imperial Hwy, Brea, CA 92823",Brea,CA,92823,33.910332,-117.851253
Golden Rule,Fancy Free Liquor,"2001 W Burbank Blvd, Burbank, CA 91506",Burbank,CA,91506,34.180794,-118.332848
Golden Rule,Whole Foods Market,"3401 W Olive Ave, Burbank, CA 91505",Burbank,CA,91505,34.154395,-118.33714
Golden Rule,Hi-Lo Liquor Market,"2981 Bristol Street, Costa Mesa, CA 92626",Costa Mesa,CA,92626,33.679098,-117.886061
Golden Rule,Hi-Time-Liquor,"250 Ogle St, Costa Mesa, CA 92627",Costa Mesa,CA,92627,33.632956,-117.917862
Golden Rule,Co Opportunity Market,"8770 Washington Blvd Ste C , Culver City, CA 90232",Culver City,CA,90232,34.028216,-118.386038
Golden Rule,Hi-lo Liquor Market,"8582 Washington Blvd, Culver City, CA 90232",Culver City,CA,90232,34.030204,-118.381188
Golden Rule,Juicefly,"10725 Jefferson Blvd, Culver City, CA 90230",Culver City,CA,90230,34.003648,-118.394069
Golden Rule,Whole Foods Market,"760 S Sepulveda Blvd, El Segundo, CA 90245",El Segundo,CA,90245,33.905965,-118.395914
Golden Rule,Nine Liquor 2,"1322 E Chapman Ave, Fullerton, CA 92831",Fullerton,CA,92831,33.873724,-117.904338
Golden Rule,Remedy Liquor,"1700 W Glenoaks Blvd Ste B, Glendale, CA 91201",Glendale,CA,91201,34.171034,-118.290293
Golden Rule,Remedy Liquor,"731 - 733 West Wilson Ave, Glendale, CA 91203",Glendale,CA,91203,34.148212,-118.271545
Golden Rule,Whole Foods Market,"331 N Glendale Ave, Glendale, CA 91206",Glendale,CA,91206,34.151077,-118.245663
Golden Rule,Lazy Acres,"2510 Pacific Coast Hwy, Hermosa Beach, CA 90254",Hermosa Beach,CA,90254,33.872099,-118.394545
Golden Rule,Mike's Liquor & Deli,"4911 Warner Ave Ste 106 , Huntington Beach, CA 92649",Huntington Beach,CA,92649,33.715868,-118.04298
Golden Rule,Whole Foods Market,"10081 Adams Ave, Huntington Beach, CA 92646",Huntington Beach,CA,92646,33.673513,-117.952214
Golden Rule,Whole Foods Market,"8525 Irvine Center Dr, Irvine, CA 92618",Irvine,CA,92618,33.646289,-117.744345
Golden Rule,Whole Foods Market,"23932 Aliso Creek Rd, Laguna Niguel, CA 92677",Laguna Niguel,CA,92677,33.554386,-117.712579
Golden Rule,Hi-Lo Liquor Market,"707 E Ocean Blvd # A , Long Beach, CA 90802",Long Beach,CA,90802,33.766672,-118.184065
Golden Rule,Lazy Acres,"2080 N Bellflower Blvd, Long Beach, CA 90815",Long Beach,CA,90815,33.793594,-118.125172
Golden Rule,P & B,"1953 E 4th St, Long Beach, CA 90802",Long Beach,CA,90802,33.771984,-118.167967
Golden Rule,Party Time Liquor,"6031 Atlantic Ave, Long Beach, CA 90805",Long Beach,CA,90805,33.864405,-118.185203
Golden Rule,Total Wine & More,"7400 Carson Blvd, Long Beach, CA 90808",Long Beach,CA,90808,33.827084,-118.086687
Golden Rule,Whole Foods Market,"3881 N Lakewood Blvd Ste A , Long Beach, CA 90808",Long Beach,CA,90808,33.828379,-118.142708
Golden Rule,Whole Foods Market,"6400 E Pacific Coast Hwy Ste A-100, Long Beach, CA 90803",Long Beach,CA,90803,33.75632,-118.110873
Golden Rule,Almor Liquor,"7855 W Sunset Blvd, Los Angeles, CA 90046",Los Angeles,CA,90046,34.09824,-118.36084
Golden Rule,Bar Keeper,"614 N Hoover St, Los Angeles, CA 90004",Los Angeles,CA,90004,34.08207,-118.28432
Golden Rule,Big Mac's Liquor,"3735 W Sunset Blvd, Los Angeles, CA 90026",Los Angeles,CA,90026,34.09096,-118.27839
Golden Rule,Bill's Liquor,"3150 Glendale Blvd, Los Angeles, CA 90039",Los Angeles,CA,90039,34.116832,-118.261677
Golden Rule,Bristol Farms,"7880 W Sunset Blvd, Los Angeles, CA 90046",Los Angeles,CA,90046,34.09789,-118.36124
Golden Rule,Bristol Farms,"8448 Lincoln Blvd, Los Angeles, CA 90045",Los Angeles,CA,90045,33.960965,-118.420013
Golden Rule,Erewhon Silver Lake,"4121 Santa Monica Blvd, Los Angeles, CA 90029",Los Angeles,CA,90029,34.092052,-118.28241
Golden Rule,Farmshop,"225 26th St Ste 25 , Los Angeles, CA 90049",Los Angeles,CA,90049,34.047601,-118.490528
Golden Rule,Flask And Field,"767 S Alameda St Ste 180 , Los Angeles, CA 90021",Los Angeles,CA,90021,34.03474,-118.24063
Golden Rule,Flask HP,"5900 N Figueroa St, Los Angeles, CA 90042",Los Angeles,CA,90042,34.11043,-118.19071
Golden Rule,K & L Wine Merchants,"1400 Vine St # 1408 , Los Angeles, CA 90028",Los Angeles,CA,90028,34.096332,-118.326452
Golden Rule,Mikron Liquor,"631 Silver Lake Blvd, Los Angeles, CA 90026",Los Angeles,CA,90026,34.079137,-118.278372
Golden Rule,Oaks Gourmet Market,"1915 N Bronson Ave, Los Angeles, CA 90068",Los Angeles,CA,90068,34.10545,-118.31816
Golden Rule,Slauson Liquor Spot,"4834 W Slauson Ave, Los Angeles, CA 90056",Los Angeles,CA,90056,33.98764,-118.361553
Golden Rule,The Liquor Fountain,"5203 Fountain Ave # A , Los Angeles, CA 90029",Los Angeles,CA,90029,34.095291,-118.302606
Golden Rule,Whole Foods Market,"11737 San Vicente Blvd, Los Angeles, CA 90049",Los Angeles,CA,90049,34.053188,-118.467649
Golden Rule,Whole Foods Market,"12746 W Jefferson Blvd Ste 110 , Los Angeles, CA 90094",Los Angeles,CA,90094,33.97756,-118.41709
Golden Rule,Whole Foods Market,"3377 S LA Cienega Blvd , Los Angeles, CA 90016",Los Angeles,CA,90016,34.026899,-118.3722
Golden Rule,Whole Foods Market,"6350 W 3rd St, Los Angeles, CA 90036",Los Angeles,CA,90036,34.07127,-118.36061
Golden Rule,Whole Foods Market,"2520 Glendale Blvd, Los Angeles, CA 90039",Los Angeles,CA,90039,34.102993,-118.259015
Golden Rule,Whole Foods Market,"770 S Grand Ave, Los Angeles, CA 90017",Los Angeles,CA,90017,34.04603,-118.25748
Golden Rule,Wine And Eggs,"3129 44563 Glendale Blvd, Los Angeles, CA 90039",Los Angeles,CA,90039,34.116795,-118.262517
Golden Rule,Whole Foods Market,"23401 Civic Center Way, Malibu, CA 90265",Malibu,CA,90265,34.036884,-118.685666
Golden Rule,Bristol Farms,"1570 Rosecrans Ave Ste H , Manhattan Beach, CA 90266",Manhattan Beach,CA,90266,33.90064,-118.385758
Golden Rule,Bristol Farms,"810 Avocado Ave, Newport Beach, CA 92660",Newport Beach,CA,92660,33.605603,-117.87563
Golden Rule,Whole Foods Market,"415 Newport Center Dr, Newport Beach, CA 92660",Newport Beach,CA,92660,33.616535,-117.873695
Golden Rule,Erewhon Palisades,"15285 Sunset Blvd, Pacific Palisades, CA 90272",Pacific Palisades,CA,90272,34.047307,-118.525397
Golden Rule,Palisades Wine & Spirits,"544 Palisades Dr, Pacific Palisades, CA 90272",Pacific Palisades,CA,90272,34.045471,-118.551582
Golden Rule,Showcase Wine & Spirits,"1390-92 N Lake Ave, Pasadena, CA 91104",Pasadena,CA,91104,34.169765,-118.131947
Golden Rule,Whole Foods Market,"465 S Arroyo Pkwy, Pasadena, CA 91105",Pasadena,CA,91105,34.137814,-118.147801
Golden Rule,Whole Foods Market,"3751 E Foothill Blvd, Pasadena, CA 91107",Pasadena,CA,91107,34.151184,-118.07268
Golden Rule,Whole Foods Market,"20209 Rinaldi St, Porter Ranch, CA 91326",Porter Ranch,CA,91326,34.27534,-118.57267
Golden Rule,Whole Foods Market,"405 N Pacific Coast Hwy , Redondo Beach, CA 90277",Redondo Beach,CA,90277,33.836198,-118.385621
Golden Rule,Bristol Farms,"837 Silver Spur Rd, Rolling Hills Estates, CA 90274",Rolling Hills Estates,CA,90274,33.769569,-118.367747
Golden Rule,Library Liquor,"8145 Arroyo Dr, Rosemead , CA 91770",Rosemead,CA,91770,34.042329,-118.092383
Golden Rule,Huntington Library,"1151 Oxford Rd, San Marino, CA 91108",San Marino,CA,91108,34.129098,-118.113858
Golden Rule,Bob's Market,"1650 Ocean Park Blvd, Santa Monica, CA 90405",Santa Monica,CA,90405,34.011841,-118.467615
Golden Rule,Bristol Farms,"3105 Wilshire Blvd, Santa Monica, CA 90403",Santa Monica,CA,90403,34.040373,-118.472759
Golden Rule,Broadway Wine & Spirits,"1011 Broadway, Santa Monica , CA 90401",Santa Monica,CA,90401,34.019865,-118.487925
Golden Rule,Whole Foods Market,"2121 Cloverfield Blvd Unit 1 , Santa Monica, CA 90404",Santa Monica,CA,90404,34.022127,-118.466101
Golden Rule,Whole Foods Market,"14311 Ventura Blvd, Sherman Oaks, CA 91423",Sherman Oaks,CA,91423,34.150405,-118.444537
Golden Rule,The Wine Country,"2301 Redondo Ave, Signal Hill, CA 90755",Signal Hill,CA,90755,33.798605,-118.151902
Golden Rule,Bristol Farms,"606 Fair Oaks Ave, South Pasadena, CA 91030",South Pasadena,CA,91030,34.118474,-118.149627
Golden Rule,Jug And Jigger Liquor,"5235 Tyler Ave, Temple City, CA 91780",Temple City,CA,91780,34.100567,-118.025431
Golden Rule,Whole Foods Market,"740 N Moorpark Rd, Thousand Oaks, CA 91360",Thousand Oaks,CA,91360,34.187931,-118.873664
Golden Rule,Whole Foods Market,"2655 Pacific Coast Hwy, Torrance, CA 90505",Torrance,CA,90505,33.792291,-118.331196
Golden Rule,Socal Wine & Spirits,"1042 E 1st St, Tustin, CA 92780",Tustin,CA,92780,33.744645,-117.814006
Golden Rule,Whole Foods Market,"2847 Park Ave, Tustin , CA 92782",Tustin,CA,92782,33.696385,-117.825669
Golden Rule,Whole Foods Market,"2153 W Baseline Rd, Upland, CA 91784",Upland,CA,91784,34.122613,-117.692198
Golden Rule,Lincoln Liquor Locker,"2498 Lincoln Blvd, Venice , CA 90291",Venice,CA,90291,33.992608,-118.44951
Golden Rule,Whole Foods Market,"225 Lincoln Blvd, Venice , CA 90291",Venice,CA,90291,34.001833,-118.469264
Golden Rule,Bristol Farms,"9039 Beverly Blvd, West Hollywood, CA 90048",West Hollywood,CA,90048,34.077604,-118.389027
Golden Rule,Golden Rule Liquor,"7753 Santa Monica Blvd, West Hollywood, CA 90046",West Hollywood,CA,90046,34.090881,-118.358142
Golden Rule,Whole Foods Market,"7871 Santa Monica Blvd, West Hollywood, CA 90046",West Hollywood,CA,90046,34.090959,-118.360729
Golden Rule,North Ranch Country Club,"4761 Valley Spring Dr, Westlake Village, CA 91362",Westlake Village,CA,91362,34.19089,-118.805902
Golden Rule,Bizarra Capital,"12706 Philadephia St, Whittier , CA 90601",Whittier,CA,90601,33.978915,-118.040521
Golden Rule,Bristol Farms,"23379 Mulholland Dr, Woodland Hills, CA 91364",Woodland Hills,CA,91364,34.158827,-118.634157
Golden Rule,Bristol Farms,"18421 Yorba Linda, Yorba Linda, CA 92886",Yorba Linda,CA,92886,33.888819,-117.812468
Maison Maxine,Penn Cellars,"1 Pennsylvania Plaza, New York, NY 10119",New York,NY,10119,40.7505045,-73.9934387
